[
  {
    "icon": "fa fa-home",
    "slug": "external",
    "title": "Volver al inicio",
    "path": "index.html"
  },  
  { 
    "id": 1,
    "icon": "fa fa-file-text",
    "slug": "Maquinaria_y_equipos_en_diferentes_lineas_de_produccion",
    "title": "1. Maquinaria y equipos en diferentes líneas de producción",
    "breadcrumb": ["Inicio","Introducción"],
    "path": "pages/1-tema.html",    
    "submenu": [
      {
        "icon": "fa fa-file-text",
        "slug": "Maquinaria_y_equipos_en_diferentes_lineas_de_produccion",
        "title": "1.1. Maquinaria y equipo en ropa exterior",
        "anchor": "11"
      },   
      {
        "icon": "fa fa-file-text",
        "slug": "Maquinaria_y_equipos_en_diferentes_lineas_de_produccion",
        "title": "1.2. Maquinaria y equipo ropa interior",
        "anchor": "12"
      },   
      {
        "icon": "fa fa-file-text",
        "slug": "Maquinaria_y_equipos_en_diferentes_lineas_de_produccion",
        "title": "1.3. Maquinaria y equipo ropa deportiva",
        "anchor": "13"
      },   
      {
        "icon": "fa fa-file-text",
        "slug": "Maquinaria_y_equipos_en_diferentes_lineas_de_produccion",
        "title": "1.4. Maquinaria y equipo ropa en denim",
        "anchor": "14"
      },   
      {
        "icon": "fa fa-file-text",
        "slug": "Maquinaria_y_equipos_en_diferentes_lineas_de_produccion",
        "title": "1.5. Maquinaria en procesos especiales",
        "anchor": "15"
      }      
    ]   
  },
  { 
    "id": 1,
    "icon": "fa fa-file-text",
    "slug": "Elementos_de_confeccion",
    "title": "2. Elementos de confección",
    "breadcrumb": ["Inicio","Introducción"],
    "path": "pages/2-tema.html",    
    "submenu": [
      {
        "icon": "fa fa-file-text",
        "slug": "Elementos_de_confeccion",
        "title": "2.1. Partes y clasificación de las agujas de confección",
        "anchor": "21"
      },   
      {
        "icon": "fa fa-file-text",
        "slug": "Elementos_de_confeccion",
        "title": "2.2. Guías y accesorios en diferentes máquinas",
        "anchor": "22"
      },   
      {
        "icon": "fa fa-file-text",
        "slug": "Elementos_de_confeccion",
        "title": "2.3. Instrumentos de medición",
        "anchor": "23"
      }    
    ]   
  }
]